epoch,train_loss,val_loss,dice_score,auroc,auprc,ppv,nne,learning_rate,batch_size,train_samples,val_samples,optimizer_type,loss_function,augmentations,model_architecture,dropout_rate,weight_decay,num_epochs,patch_size,gradient_clipping,agent_action,agent_reward
1,1.7751221865415574,1.6026549696922303,0.3559275269508362,0.9636947032595972,0.6073476730946559,0.21643718329735387,4.620278201579358,0.002,4,160,40,Adam,DiceCE,Flipping,UNet,0.0,1e-05,30,64,1.0,increase,0
2,1.5010303646326064,1.3732640445232391,0.6914481728610616,0.9885926170348064,0.762271614367388,0.5299633587301923,1.8869229042476243,0.0028799999999999997,4,160,40,Adam,DiceCE,Flipping,UNet,0.0,1e-05,30,64,1.0,increase,6.471512481241039
3,1.0172330245375634,0.5056373864412308,0.8972939441203148,0.9964952756597939,0.9064522454538501,0.8154393991012475,1.2263327000169106,0.0028799999999999997,4,160,40,Adam,DiceCE,Flipping,UNet,0.0,1e-05,30,64,1.0,decrease,12.20549543711635
4,0.277599847689271,0.15893771573901178,0.9607860139992579,0.9940044438002201,0.9616914451468725,0.9337949892077405,1.0708988713340921,0.0007199999999999999,4,160,40,Adam,DiceCE,Flipping,UNet,0.0,1e-05,30,64,1.0,decrease,6.2844570564169056
5,0.13501156773418188,0.12456749901175498,0.9723744286687356,0.9958141505508302,0.9728491122405093,0.9529672318536864,1.0493540245395707,0.0007199999999999999,4,160,40,Adam,DiceCE,Flipping,UNet,0.0,1e-05,30,64,1.0,decrease,2.901644240619956
6,0.11313192546367645,0.10969827324151993,0.9770616428649307,0.9956647546089646,0.9773618791914418,0.9624841779005578,1.03897811824946,0.00017999999999999998,4,160,40,Adam,DiceCE,Flipping,UNet,0.0,1e-05,30,64,1.0,decrease,2.672128328683326
7,0.10354101341217756,0.1055947195738554,0.978936328706731,0.9951343166786047,0.979166891508343,0.9672327217614046,1.0338773466833542,0.00017999999999999998,4,160,40,Adam,DiceCE,Flipping,UNet,0.0,1e-05,30,64,1.0,maintain,1.5504089658856466
8,0.10082574430853128,0.10283500850200653,0.9795548635233942,0.995885494995956,0.9797925951129575,0.9670050270688322,1.0341207873874054,0.00017999999999999998,4,160,40,Adam,DiceCE,Flipping,UNet,0.0,1e-05,30,64,1.0,decrease,2.5306897848018046
9,0.09726206418126822,0.09970211312174797,0.9810263637298661,0.9952664939675773,0.9812133751361429,0.9711456667460614,1.0297116428996882,4.4999999999999996e-05,4,160,40,Adam,DiceCE,Flipping,UNet,0.0,1e-05,30,64,1.0,decrease,1.538686454834945
10,0.09573069326579571,0.09889677949249745,0.9827872636115933,0.9935523057295486,0.9829297936578287,0.9780816398726465,1.0224095405064626,4.4999999999999996e-05,4,160,40,Adam,DiceCE,Flipping,UNet,0.0,1e-05,30,64,1.0,decrease,1.516857835701141
11,0.09502689428627491,0.09783624298870564,0.9820613465546714,0.9949714604979382,0.9822237006514731,0.9737988284584131,1.0269061440370235,2.6999999999999996e-05,4,160,40,Adam,DiceCE,Flipping,UNet,0.0,1e-05,30,64,1.0,decrease,-0.49302422024669146
12,0.09445188473910093,0.09754142127931117,0.9820848467557263,0.9950205340381322,0.9822475143857098,0.9737491465912416,1.026958538038933,2.6999999999999996e-05,4,160,40,Adam,DiceCE,Flipping,UNet,0.0,1e-05,30,64,1.0,decrease,-0.4969342819007809
13,0.09376834370195866,0.09702388532459735,0.9822439792376615,0.994948405706962,0.9824029423242417,0.974210831938555,1.0264718551836751,1.6199999999999997e-05,4,160,40,Adam,DiceCE,Flipping,UNet,0.0,1e-05,30,64,1.0,decrease,-0.4940289780431857
14,0.09392389003187418,0.09679899029433728,0.9827880245657616,0.9943372419233103,0.9829329438299439,0.976516394446213,1.0240483474597524,1.6199999999999997e-05,4,160,40,Adam,DiceCE,Flipping,UNet,0.0,1e-05,30,64,1.0,decrease,1.5049691769431015
15,0.09331434648483991,0.09652413874864578,0.9822366479785133,0.9951475214941724,0.9823985858144632,0.973803150642854,1.0269015861571738,4.049999999999999e-06,4,160,40,Adam,DiceCE,Flipping,UNet,0.0,1e-05,30,64,1.0,decrease,-0.5000083674793268
16,0.09274063538759947,0.09648266769945621,0.9821740701676925,0.995219162760939,0.9823382245551241,0.9735364641207088,1.027182891298471,4.049999999999999e-06,4,160,40,Adam,DiceCE,Flipping,UNet,0.0,1e-05,30,64,1.0,increase,-0.4998981785622081
17,0.09326251856982708,0.09641150645911693,0.9821267474414327,0.9952449401799981,0.9822921674624279,0.9733908298007113,1.027336573742673,5.8319999999999985e-06,4,160,40,Adam,DiceCE,Flipping,UNet,0.0,1e-05,30,64,1.0,increase,0.5004749987720936
18,0.09280470293015242,0.0963071633130312,0.9821553680161011,0.9952357964053082,0.9823201243038158,0.9734662053506165,1.027257027006733,5.8319999999999985e-06,4,160,40,Adam,DiceCE,Flipping,UNet,0.0,1e-05,30,64,1.0,increase,0.5011865343341997
19,0.09325858000665903,0.0962378203868866,0.9821452273384045,0.9952890528859781,0.9823110409860452,0.973340998445866,1.0273891694654806,8.398079999999997e-06,4,160,40,Adam,DiceCE,Flipping,UNet,0.0,1e-05,30,64,1.0,increase,0.5006427258729627
20,0.09296957720071078,0.0959785245358944,0.982418766435272,0.995041834164112,0.9825760957579756,0.9743771165350796,1.0262966802381774,8.398079999999997e-06,4,160,40,Adam,DiceCE,Flipping,UNet,0.0,1e-05,30,64,1.0,increase,0.5039606539942598
21,0.09235663432627916,0.09583408311009407,0.9823940111599732,0.9951604088824761,0.9825534240898339,0.9740933653264665,1.0265956381551278,1.2093235199999995e-05,4,160,40,Adam,DiceCE,Flipping,UNet,0.0,1e-05,30,64,1.0,increase,0.5013206378815088
22,0.09226868897676468,0.09557155631482601,0.9825069802337038,0.9950776296074989,0.9826633317992142,0.9744834720826054,1.0261846697747086,1.2093235199999995e-05,4,160,40,Adam,DiceCE,Flipping,UNet,0.0,1e-05,30,64,1.0,increase,0.5031901133213336
23,0.09238148443400859,0.09536830335855484,0.9824753856027649,0.9951401757179344,0.9826331257833082,0.9742965579144552,1.0263815384307264,7.255941119999997e-06,4,160,40,Adam,DiceCE,Flipping,UNet,0.0,1e-05,30,64,1.0,increase,0.5018745564080176
24,0.09197326488792897,0.09524542950093746,0.9825713849891052,0.9950546243156986,0.9827263748721965,0.9746582128963925,1.0260006910815427,7.255941119999997e-06,4,160,40,Adam,DiceCE,Flipping,UNet,0.0,1e-05,30,64,1.0,increase,0.5017087355078753
25,0.09188228603452445,0.095069445297122,0.9826158186945795,0.9951502909789794,0.9827713486956207,0.9745584073387333,1.0261057648979102,1.0448555212799995e-05,4,160,40,Adam,DiceCE,Flipping,UNet,0.0,1e-05,30,64,1.0,increase,0.5019820105655259
26,0.09153450597077609,0.0948145654052496,0.9825741122878991,0.995200483622239,0.9827310373055163,0.9743756097560976,1.0262982673081447,1.0448555212799995e-05,4,160,40,Adam,DiceCE,Flipping,UNet,0.0,1e-05,30,64,1.0,increase,0.5023402668853223
27,0.09158314503729344,0.09462592042982579,0.9826801485962107,0.9951248538884307,0.9828342786634091,0.974737787408915,1.0259169316275691,1.5045919506431992e-05,4,160,40,Adam,DiceCE,Flipping,UNet,0.0,1e-05,30,64,1.0,increase,0.5024166312957957
28,0.09126779269427061,0.09442633725702762,0.9821827320136037,0.9955935625314626,0.9823532602849521,0.9728172536958997,1.0279422946096284,1.5045919506431992e-05,4,160,40,Adam,DiceCE,Flipping,UNet,0.0,1e-05,30,64,1.0,increase,0.499508748814947
29,0.09095637127757072,0.09411012083292007,0.9826644759494243,0.9952290322877395,0.9828202791011069,0.9745005732126741,1.0261666616606093,2.1666124089262065e-05,4,160,40,Adam,DiceCE,Flipping,UNet,0.0,1e-05,30,64,1.0,increase,0.5055708839201783
30,0.09082025717943906,0.09356212727725506,0.9825263432149212,0.9954887008326817,0.9826885509902704,0.9737116465785192,1.026998088719442,2.1666124089262065e-05,4,160,40,Adam,DiceCE,Flipping,UNet,0.0,1e-05,30,64,1.0,increase,0.5047892718841345
